title,address
ダイエー田辺SC店イオンフードスタイル,和歌山県 田辺市宝来町24-26
グルメシティ白浜店,和歌山県 西牟婁郡白浜町1349-1
イオン 新宮店,和歌山県新宮市橋本2-14-23
イズミヤ 和歌山店,和歌山県和歌山市新生町7-20
グルメシティ東陽店,和歌山県 田辺市東陽40番6号
スーパーエバグリーンプラス 和歌山北インター店,和歌山県和歌山市直川274-1
グルメシティ万呂店,和歌山県 田辺市中万呂天王代108-1
AEON STYLE(イオンスタイル) 和歌山店,和歌山県和歌山市中字楠谷573 イオンモール和歌山内
オークワ パビリオンシティ田辺店,和歌山県田辺市稲成町新江原3165
業務スーパー&産直市場よってって美浜店,和歌山県日高郡美浜町田井426-1
スーパーセンターオークワ 海南店,和歌山県海南市築地1-1
グルメシティ新庄店,和歌山県 田辺市新庄町2155-2
オークワ 高野口店,和歌山県橋本市高野口町伏原139-1
スーパーセンターオークワ パームシティ和歌山店,和歌山県和歌山市中野31-1
スーパーセンターオークワ 南紀店,和歌山県新宮市佐野3-11-19
グルメシティ明洋店,和歌山県 田辺市上の山2-17-6
グルメシティ御坊店,和歌山県 御坊市湯川町小松原212
業務スーパー 六十谷店,和歌山県和歌山市園部1445-1
業務スーパー 貴志川店,和歌山県紀の川市貴志川町神戸353-1
業務スーパー 榎原店,和歌山県和歌山市榎原78番の3
業務スーパー 神前店,和歌山県和歌山市神前164-1
業務スーパー 和歌川店,和歌山県和歌山市和歌川町9番36号
業務スーパー 吉備店,和歌山県有田郡有田川町天満216-2
業務スーパー 岩出店,和歌山県岩出市中島751-1
業務スーパー 和歌浦店,和歌山県和歌山市西浜969-7
業務スーパー 高野口店,和歌山県橋本市高野口町名倉251-1
業務スーパー ヒダカヤ 海南店,和歌山県海南市大野中464
業務スーパー 朝来駅前店,和歌山県西牟婁郡上富田町朝来2453-7
業務スーパー 打田店,和歌山県紀の川市打田1364-1
業務スーパー 鈴丸店,和歌山県和歌山市北新5丁目62-1
株式会社オークワ 和歌山食品センター(PC),和歌山県和歌山市大垣内621-1
株式会社オークワ,和歌山県和歌山市中島185-3
業務スーパー 新宮店,和歌山県新宮市新宮字鴻田8001-52
業務スーパー 隅田店,和歌山県橋本市隅田町中島84-5
JA紀の里 JA紀の里ファーマーズマーケット OINACITY,和歌山県岩出市荊本20
JA紀州 ほんまもんふるさと産地直売所,和歌山県日高郡みなべ町東吉田274-1
業務スーパー 白浜店,和歌山県西牟婁郡白浜町1111-21
松源 小雑賀店,和歌山県和歌山市小雑賀2-2-5
株式会社オークワ 和歌山食品工場,和歌山県和歌山市吐前叺り1047-1
株式会社オークワ オーデリカファクトリー和歌山,和歌山県和歌山市大垣内656
業務スーパー 田辺店,和歌山県田辺市下万呂465-12
JAわかやま 愛菜(あいさい)てまりっこ 【いさお店】,和歌山県和歌山市園部1449
JAわかやま 愛菜(あいさい)てまりっこ 【かせい店】,和歌山県和歌山市榎原223-26
オークワ オーストリート 和歌山北バイパス店,和歌山県和歌山市平井154
株式会社オークワ 和歌山食品センター,和歌山県和歌山市大垣内621-1
オークワ 紀三井寺店,和歌山県和歌山市毛見薮下19
オークワ 海南野上店,和歌山県海南市野上中420
オークワ かつらぎ店,和歌山県伊都郡かつらぎ町佐野881-1
オークワ ロマンシティ御坊店,和歌山県御坊市湯川町財部181
オークワ 大浦街道店,和歌山県和歌山市湊西ノ坪45-1
オークワ みなべ店,和歌山県日高郡みなべ町芝227-1
オークワ 白浜堅田店,和歌山県西牟婁郡白浜町堅田字塩谷2056-1
オークワ 貴志川店,和歌山県紀の川市貴志川町神戸205-1
オークワ 本社中島店,和歌山県和歌山市中島185-3
オークワ 粉河店,和歌山県紀の川市粉河762
オークワ 海南幡川店,和歌山県海南市幡川下九条105
オークワ 箕島店,和歌山県有田市新堂10-3
オークワ 六十谷店,和歌山県和歌山市六十谷217-1
オークワ 和歌山中之島店,和歌山県和歌山市納定104
オークワ 湯浅店,和歌山県有田郡湯浅町湯浅1852
スーパーセンターオークワ 有田川店,和歌山県有田郡有田川町天満407-1
生鮮食品館ヒダカヤ 高松店,和歌山県和歌山市宇須1-374-1
オークワ 新宮仲之町店,和歌山県新宮市谷王子町418-1
Price Cut(プライス カット) 神前店,和歌山県和歌山市神前509
Price Cut(プライス カット) 御坊店,和歌山県御坊市薗318-2
オークワ 日置店,和歌山県西牟婁郡白浜町日置45
オークワ 串本店,和歌山県東牟婁郡串本町串本40-22
オークワ 古座川店,和歌山県東牟婁郡古座川町高池64
オークワ 新宮駅前店,和歌山県新宮市蓬莱2-1-1
MESA OKUWA(メッサ オークワ) 高松店,和歌山県和歌山市西高松1-7-88
オークワ 岩出西店,和歌山県岩出市中黒641-1
オークワ すさみ店,和歌山県西牟婁郡すさみ町周参見3766
Price Cut(プライス カット) 田辺下万呂店,和歌山県田辺市下万呂裏代416-2
MESA OKUWA(メッサ オークワ) ガーデンパーク和歌山店,和歌山県和歌山市松江向鵜ノ島1469-1
A-プライス 和歌山店,和歌山県和歌山市広瀬中ノ丁2-55
エバグリーン 和佐店,和歌山県和歌山市和佐中102-1
松源 栄谷店,和歌山県和歌山市延時字水口10-1
松源 吉礼駅前店,和歌山県和歌山市吉礼1612-2
イオンタウン貴志川,和歌山県紀の川市貴志川町神戸218
生鮮食品館ヒダカヤ 西脇店,和歌山県和歌山市西ノ庄359-1
生鮮食品館ヒダカヤ 黒田店,和歌山県和歌山市黒田127-5
プロマート 橋本店,和歌山県橋本市隅田町下兵庫17-1
Aコープ ランティス店,和歌山県新宮市三輪崎1076-1
オークワ オー・ストリート紀の川井阪店,和歌山県紀の川市下井阪597
スーパーセンターオークワ セントラルシティ和歌山店,和歌山県和歌山市小雑賀805-1
スーパーエバグリーン 福島店,和歌山県和歌山市福島89-1
業務用食品スーパー 田辺滝内店,和歌山県田辺市新庄町2915-328
アンスリー 林間田園都市店,和歌山県橋本市三石台1-1-1
オークワ 那賀店,和歌山県紀の川市名手市場476-1
MATSUGEN(マツゲン) 和歌山インター店,和歌山県和歌山市田屋138
松源 湯浅店,和歌山県有田郡湯浅町1658-1
松源 岩出店,和歌山県岩出市大町58-1
松源 岩出中黒店,和歌山県岩出市中黒546
松源 箕島店,和歌山県有田市箕島721-1
松源 橋本林間店,和歌山県橋本市三石台1-2-1
松源 下津店,和歌山県海南市下津町丁65-1
松源 御坊店,和歌山県御坊市薗53-4
松源 西庄店,和歌山県和歌山市西庄妙見409-1
松源 海南阪井店,和歌山県海南市阪井字佃939-1
松源 西浜店,和歌山県和歌山市西浜1026-1
松源 海南日方店,和歌山県海南市日方上芦原1030
松源 内原店,和歌山県和歌山市内原763-1
松源 元寺店,和歌山県和歌山市元寺町5-58シティワカヤマ内
松源 吉備店,和歌山県有田郡有田川町下津野558
松源 木ノ本店,和歌山県和歌山市木ノ本395-3
